job_id,date_reviewed,reason
linkedin:02660b277a19,2026-08-14,manual_reviewed_not_selected
linkedin:0558478c8f94,2026-08-14,manual_reviewed_not_selected
linkedin:06ed8345c61f,2026-08-14,manual_reviewed_not_selected
linkedin:097024bb1fbc,2026-08-14,manual_reviewed_not_selected
linkedin:0a3f294f5ee4,2026-08-14,manual_reviewed_not_selected
linkedin:11fc3bc5e327,2026-08-14,manual_reviewed_not_selected
linkedin:14b0e13c219d,2026-08-14,manual_reviewed_not_selected
linkedin:196133e414d9,2026-08-14,manual_reviewed_not_selected
linkedin:1ec74ef3e209,2026-08-14,manual_reviewed_not_selected
linkedin:1ede627fa7ce,2026-08-14,manual_reviewed_not_selected
linkedin:235676532e13,2026-08-14,manual_reviewed_not_selected
linkedin:26b2cd9b949e,2026-08-14,manual_reviewed_not_selected
linkedin:2f860cc7f5a2,2026-08-14,manual_reviewed_not_selected
linkedin:34e57720f35e,2026-08-14,manual_reviewed_not_selected
linkedin:36bb6b9489dc,2026-08-14,manual_reviewed_not_selected
linkedin:3bfd35e43b4a,2026-08-14,manual_reviewed_not_selected
linkedin:47a6e7233b0c,2026-08-14,manual_reviewed_not_selected
linkedin:4839d2aafeaf,2026-08-14,manual_reviewed_not_selected
linkedin:4ae16debe290,2026-08-14,manual_reviewed_not_selected
linkedin:4d307d56e2a5,2026-08-14,manual_reviewed_not_selected
linkedin:52c58bf1045c,2026-08-14,manual_reviewed_not_selected
linkedin:54f4d6ee9e38,2026-08-14,manual_reviewed_not_selected
linkedin:57828f48c666,2026-08-14,manual_reviewed_not_selected
linkedin:594bb654f714,2026-08-14,manual_reviewed_not_selected
linkedin:5c64fff1528c,2026-08-14,manual_reviewed_not_selected
linkedin:618127fabc28,2026-08-14,manual_reviewed_not_selected
linkedin:65b2970ea307,2026-08-14,manual_reviewed_not_selected
linkedin:6859e40c369c,2026-08-14,manual_reviewed_not_selected
linkedin:6d3fab6b10e9,2026-08-14,manual_reviewed_not_selected
linkedin:6d482d9f8c71,2026-08-14,manual_reviewed_not_selected
linkedin:6f1eaa94af99,2026-08-14,manual_reviewed_not_selected
linkedin:70fb5a0ab463,2026-08-14,manual_reviewed_not_selected
linkedin:713bc8b1d1ab,2026-08-14,manual_reviewed_not_selected
linkedin:749d9a95e101,2026-08-14,manual_reviewed_not_selected
linkedin:786b6437795a,2026-08-14,manual_reviewed_not_selected
linkedin:79d05a5b81a9,2026-08-14,manual_reviewed_not_selected
linkedin:7de13ba2a827,2026-08-14,manual_reviewed_not_selected
linkedin:81602d201652,2026-08-14,manual_reviewed_not_selected
linkedin:88594e6deea0,2026-08-14,manual_reviewed_not_selected
linkedin:88d1cf826a90,2026-08-14,manual_reviewed_not_selected
linkedin:8e5f11d6a4c4,2026-08-14,manual_reviewed_not_selected
linkedin:91c2edfb6818,2026-08-14,manual_reviewed_not_selected
linkedin:95eed23c56b1,2026-08-14,manual_reviewed_not_selected
linkedin:965445f9b662,2026-08-14,manual_reviewed_not_selected
linkedin:9ee3ff4a9de0,2026-08-14,manual_reviewed_not_selected
linkedin:aaf4a0254dfd,2026-08-14,manual_reviewed_not_selected
linkedin:abc8ff3b60df,2026-08-14,manual_reviewed_not_selected
linkedin:ad63b93d5646,2026-08-14,manual_reviewed_not_selected
linkedin:aed8d1acd114,2026-08-14,manual_reviewed_not_selected
linkedin:b281a211da50,2026-08-14,manual_reviewed_not_selected
linkedin:b5c171c466a4,2026-08-14,manual_reviewed_not_selected
linkedin:bb27c79a7b2c,2026-08-14,manual_reviewed_not_selected
linkedin:bc7fd0832a74,2026-08-14,manual_reviewed_not_selected
linkedin:bd5e03c67d41,2026-08-14,manual_reviewed_not_selected
linkedin:c02c2512edb9,2026-08-14,manual_reviewed_not_selected
linkedin:c3532cb03ef9,2026-08-14,manual_reviewed_not_selected
linkedin:c44b7b7390d8,2026-08-14,manual_reviewed_not_selected
linkedin:c825e1c0a04e,2026-08-14,manual_reviewed_not_selected
linkedin:cc7f430e71c2,2026-08-14,manual_reviewed_not_selected
linkedin:ceeaac38fda9,2026-08-14,manual_reviewed_not_selected
linkedin:d073e55946e4,2026-08-14,manual_reviewed_not_selected
linkedin:d08595ae543f,2026-08-14,manual_reviewed_not_selected
linkedin:d4b2cd47b0d3,2026-08-14,manual_reviewed_not_selected
linkedin:d865b3216a54,2026-08-14,manual_reviewed_not_selected
linkedin:dc1413222d34,2026-08-14,manual_reviewed_not_selected
linkedin:e22e38afe3f4,2026-08-14,manual_reviewed_not_selected
linkedin:e965cd8ff1cf,2026-08-14,manual_reviewed_not_selected
linkedin:ea6c4e1e70a1,2026-08-14,manual_reviewed_not_selected
linkedin:f22de8fe03e3,2026-08-14,manual_reviewed_not_selected
linkedin:f35520219769,2026-08-14,manual_reviewed_not_selected
linkedin:f4f3e129ca70,2026-08-14,manual_reviewed_not_selected
linkedin:fa5c9341f179,2026-08-14,manual_reviewed_not_selected
linkedin:fd0404c64b5d,2026-08-14,manual_reviewed_not_selected
linkedin:fe16d47f4814,2026-08-14,manual_reviewed_not_selected
linkedin:ba53b20ebf21,2026-08-14,manual_reviewed_evaluate
linkedin:92b2bdd051c0,2026-08-14,manual_reviewed_evaluate
linkedin:e5a0631ac999,2026-08-14,manual_reviewed_evaluate
